Nom,Indiquez l'intitulé de  l'établissement  ou de l'école,UAI,Nom Etablissement,Secteur,Nombre d’élèves concernés par cette opération,Dispositif du Programme Académique d'Action Culturelle auquel l'action est rattaché  (si existant),Votre action se rattache-t-elle à un dispositif ?,Acteurs Culturels
Prix BD des collégiens,collège André Brouillet Couhé (86700),0860014Y,Collège André Brouillet,Secteur Bande dessinée,25,Prix BD école collège lycée,Aucun,
La Grande Lessive,collège André Brouillet à Couhé,0860014Y,Collège André Brouillet,Arts plastiques,270,manifestation internationale,Aucun,
Collège au cinéma,collège André Brouillet à Couhé,0860014Y,Collège André Brouillet,"Secteur Cinéma - audiovisuel,Arts numériques",63,Ecolier collégien lycéen au cinéma,Aucun,Cinéma de Gençay
Prmeière partie du concert d'Ars Novas et Proxima Centauri,collège André Brouillet Couhé (86700),0860014Y,Collège André Brouillet,"Secteur Musique / Chant Choral,Secteur spectacle vivant",26,rencontre avec le TAP,"Ateliers de pratique artistique, scientifique...",Scène Nationale de Poitiers (TAP Poitiers)
"Collège au spectacle : ""lettres à Elise""",collège André Brouillet Couhé (86700),0860014Y,Collège André Brouillet,Secteur spectacle vivant,50,Collège au spectacle,EPI,La Comédie Poitou-Charentes
"collège au spectacle ""La dispute"", Marivaux",collège André Brouillet Couhé (86700),0860014Y,Collège André Brouillet,Secteur spectacle vivant,50,Collège au spectacle,Aucun,La Comédie Poitou-Charentes
"La chorale du collège, spectacle ""Human y Terre""",collège André Brouillet à Couhé,0860014Y,Collège André Brouillet,Secteur Musique / Chant Choral,25,Rencontres chorales,Chorale,
rallye et semaine des mathématiques,collège André Brouillet à Couhé,0860014Y,Collège André Brouillet,Secteur Culture Scientifique et Technique,270,concours académique,"Ateliers de pratique artistique, scientifique...",
"""Il n'est pas encore minuit"", compagnie XY (arts de la piste)",collège André Brouillet Couhé (86700),0860014Y,Collège André Brouillet,"Secteur spectacle vivant,cirque",14,classe culturelle du TAP,Classe à option artistique,Scène Nationale de Poitiers (TAP Poitiers)
Cuvée des arts,collège André Brouillet à Couhé,0860014Y,Collège André Brouillet,Arts plastiques,40,découverte de l'art contemporain,"Ateliers de pratique artistique, scientifique...",
"EPI ""talk show""",collège André Brouillet Couhé (86700),0860014Y,Collège André Brouillet,"Création numérique,culture anglo-saxonne",60,aucun,EPI,
rencontre autour des fables,collège André Brouillet Couhé (86700),0860014Y,Collège André Brouillet,"Secteur spectacle vivant,Patrimoine et archéologie",25,liaison école-collège,Aucun,
Maths en musique avec Pythagore,collège André Brouillet à Couhé,0860014Y,Collège André Brouillet,"Secteur Musique / Chant Choral,Secteur Culture Scientifique et Technique",24,EPI,EPI,
formation des délégués,collège André Brouillet Couhé (86700),0860014Y,Collège André Brouillet,"Secteur Culture Scientifique et Technique,Lecture écriture",50,club jeu,"Ateliers de pratique artistique, scientifique...",
visite d'Oradour-sur-Glane,collège André Brouillet à Couhé,0860014Y,Collège André Brouillet,Patrimoine et archéologie,45,sortie pédagogique,Aucun,
sortie d'intégration 6è - visites de musées et atelier à la maison de l'architecture (Poitiers),collège André Brouillet Couhé (86700),0860014Y,Collège André Brouillet,"Secteur Culture Scientifique et Technique,Patrimoine et archéologie,Arts plastiques",25,maison de l'architecture - Poitiers,Aucun,
"collège au spectacle ""Big Bang""",collège André Brouillet Couhé (86700),0860014Y,Collège André Brouillet,"Secteur spectacle vivant,Secteur Culture Scientifique et Technique,Création numérique",60,Collège au spectacle,EPI,La Comédie Poitou-Charentes
Journée de Mathématiques CM2-6e,collège André Brouillet à Couhé,0860014Y,Collège André Brouillet,Secteur Culture Scientifique et Technique,50,liaison école-collège,"Ateliers de pratique artistique, scientifique...",
La symétrie de la Grèce antique à nos jours,collège André Brouillet à Couhé,0860014Y,Collège André Brouillet,"Secteur Culture Scientifique et Technique,Arts plastiques",63,les Maths dans les arts (Pavage et proportion),EPI,
"""Non au harcèlement""",collège André Brouillet à Couhé,0860014Y,Collège André Brouillet,"Création numérique,culture anglophone",24,"""concours d'affiches """"Non au harcèlement""""""",EPI,
""" Human y terre""
Chorale du collège dans le cadre des rencontres Atout choeur",Collège Jean jaurès,0860016A,Collège Jean Jaurès,Secteur Musique / Chant Choral,121,Rencontres chorales,Chorale,
Bateaux Pop-Pop,College René Cassin (L'Isle Jourdain),0860017B,Collège René Cassin,Secteur Culture Scientifique et Technique,20,"Faites la science,""et """"C génial""""""","Ateliers de pratique artistique, scientifique...",
La santé à table,College René Cassin (L'Isle Jourdain),0860017B,Collège René Cassin,Education à la santé,Tous niveaux,Science se livre,Aucun,
Dis-moi 10 mots.,College René Cassin (L'Isle Jourdain),0860017B,Collège René Cassin,Lecture écriture,57,Dis moi 10 mots,Aucun,
Les défis du Futuroscope,College René Cassin (L'Isle Jourdain),0860017B,Collège René Cassin,Secteur Culture Scientifique et Technique,50,Les défis du Futuroscope,"Ateliers de pratique artistique, scientifique...",
le Rectorat et la Centrale de Civaux ,College René Cassin (L'Isle Jourdain),0860017B,Collège René Cassin,Secteur Culture Scientifique et Technique,45,College,Aucun,
"Echange avec un établissement étranger, accueil de correspondants.",College René Cassin (L'Isle Jourdain),0860017B,Collège René Cassin,Echange culturel franco-espagnol,20,Appariement entre établissements scolaire de UE,Aucun,
Atelier jeu sérieux (Minetest),College René Cassin (L'Isle Jourdain),0860017B,Collège René Cassin,"Secteur Culture Scientifique et Technique,Patrimoine et archéologie,Arts numériques",5,College,Aucun,
Atelier Journal,College René Cassin (L'Isle Jourdain),0860017B,Collège René Cassin,"Secteur Cinéma - audiovisuel,Lecture écriture,Création numérique",10,College,EPI,
Chante l'enfance.,College René Cassin (L'Isle Jourdain),0860017B,Collège René Cassin,Secteur Musique / Chant Choral,32,Fête de la musique,Chorale,
Atelier instrumental Pop-Rock,College René Cassin (L'Isle Jourdain),0860017B,Collège René Cassin,Secteur Musique / Chant Choral,9,Fête de la musique,"Ateliers de pratique artistique, scientifique...",
"A Chœur, A corps",College René Cassin (L'Isle Jourdain),0860017B,Collège René Cassin,"Secteur Musique / Chant Choral,Secteur spectacle vivant,Danse",57,Kustom,Aucun,
"A Chœur, A corps",College René Cassin (L'Isle Jourdain),0860017B,Collège René Cassin,"Secteur Musique / Chant Choral,Secteur spectacle vivant,Danse",57,Kustom,Aucun,
"Musicalité de la langue (slam)
Concourt coupe la ligue Slam de france (Bordeaux Juin 2017, finaliste)",College René Cassin (L'Isle Jourdain),0860017B,Collège René Cassin,"Secteur Musique / Chant Choral,Lecture écriture",41,Coupe de ligue Slam de France,EPI,
"Séjour linguistique et culturel à Londres
(Visite Royal Albert Hall avec répétition musicale, Musée d'art contemporain 'Tate Modern"")",College René Cassin (L'Isle Jourdain),0860017B,Collège René Cassin,Patrimoine et archéologie,40,Séjour culturel,Aucun,
"Sortie ""Lieux culturels"" de Poitiers.",College René Cassin (L'Isle Jourdain),0860017B,Collège René Cassin,"Patrimoine et archéologie,Citoyenneté",57,Collège,Aucun,
Prix du roman contemporain (TAP Poitiers),College René Cassin (L'Isle Jourdain),0860017B,Collège René Cassin,Lecture écriture,15,Prix du roman contemporain,Aucun,
Collège au cinéma.,Collège Arsène Lambert LENCLOITRE,0860020E,Collège Arsène Lambert,Secteur Cinéma - audiovisuel,520,Ecolier collégien lycéen au cinéma,Aucun,
Réalisation vitraux sur la devise républicaine,Collège Arsène Lambert LENCLOITRE,0860020E,Collège Arsène Lambert,Arts plastiques,30,aucun,Aucun,
Vendée Globe (réalisation exposition),Collège Arsène Lambert LENCLOITRE,0860020E,Collège Arsène Lambert,"Lecture écriture,Création numérique",35,aucun,Aucun,
EPI Slam,Collège Arsène Lambert LENCLOITRE,0860020E,Collège Arsène Lambert,"Secteur Musique / Chant Choral,Secteur spectacle vivant,Lecture écriture",60,aucun,EPI,
JMF,Collège Arsène Lambert LENCLOITRE,0860020E,Collège Arsène Lambert,Secteur Musique / Chant Choral,520,JMF,Aucun,
Arts du cirque,Collège Arsène Lambert LENCLOITRE,0860020E,Collège Arsène Lambert,"Secteur Musique / Chant Choral,Secteur spectacle vivant",60,aucun,"Ateliers de pratique artistique, scientifique...",
Chorale,Collège Arsène Lambert LENCLOITRE,0860020E,Collège Arsène Lambert,Secteur Musique / Chant Choral,45,Rencontres chorales,Chorale,
Concours Rallye latin,Collège Arsène Lambert LENCLOITRE,0860020E,Collège Arsène Lambert,Lecture écriture,45,aucun,Aucun,
Prix du roman contemporain,Collège Arsène Lambert LENCLOITRE,0860020E,Collège Arsène Lambert,Lecture écriture,60,Prix littéraires Collèges Lycée,Aucun,
Concours bi challenge,Collège Arsène Lambert LENCLOITRE,0860020E,Collège Arsène Lambert,Langues vivantes,120,aucun,Aucun,
Concours Faites la Une,Collège Arsène Lambert LENCLOITRE,0860020E,Collège Arsène Lambert,"Lecture écriture,Arts numériques,Création numérique",28,aucun,Aucun,
Semaine des langues,Collège Arsène Lambert LENCLOITRE,0860020E,Collège Arsène Lambert,Langues vivantes,520,aucun,Aucun,
Collège au cinéma,Collège Arsène Lambert LENCLOITRE,0860020E,Collège Arsène Lambert,Secteur Cinéma - audiovisuel,520,Ecolier collégien lycéen au cinéma,Aucun,
Arts du cirque,Collège du Bellay,0860023H,Collège Joachim du Bellay,Secteur spectacle vivant,24,option Arts du cirque spécifique au collège,Classe à option artistique,
JMF,Collège du Bellay,0860023H,Collège Joachim du Bellay,"Secteur Musique / Chant Choral,Secteur spectacle vivant",182,Élèves  au concert,Aucun,JM France Territoire Poitou-Charentes
Collège au cinéma,Collège du Bellay,0860023H,Collège Joachim du Bellay,Secteur Cinéma - audiovisuel,261,Ecolier collégien lycéen au cinéma,Aucun,
Festival Tolérance et solidarité à Loudun,Collège du Bellay,0860023H,Collège Joachim du Bellay,Secteur Cinéma - audiovisuel,270,Festival de cinéma,Aucun,"Scène Nationale de Poitiers (TAP Poitiers),Cinéma Cornay"
Festival de la BD Angoulême,Collège du Bellay,0860023H,Collège Joachim du Bellay,Secteur Bande dessinée,51,Prix BD école collège lycée,EPI,
Voyage à Paris,Collège du Bellay,0860023H,Collège Joachim du Bellay,Patrimoine et archéologie,141,Découverte d'un grand musée Le Louvre + d'une grande agglomération Paris,EPI,
Chant Choral: au delà des frontières,Collège du Bellay,0860023H,Collège Joachim du Bellay,Secteur Musique / Chant Choral,50,Rencontres chorales,Aucun,
Concours Mangawa,Collège du Bellay,0860023H,Collège Joachim du Bellay,Secteur Bande dessinée,25,concours Mangawa,Aucun,
Antigone Héritages,Collège du Bellay,0860023H,Collège Joachim du Bellay,Secteur spectacle vivant,129,pratique théâtrale,EPI,
"""C'est à propos d'un trésor...""",collège Louise Michel,0860026L,Collège Louise Michel,"Arts plastiques,Création numérique",71,parcour artistique et culturel,Aucun,"Maison Des Jeunes 21,Le musée de la préhistoire"
"""C'est à propos d'un trésor...""",collège Louise Michel,0860026L,Collège Louise Michel,Arts plastiques,23 élèves de 3ème A,parcour artistique et culturel,Aucun,"Maison Des Jeunes 21,Le musée de la préhistoire"
"""A propos d'un trésor...""",collège Louise Michel,0860026L,Collège Louise Michel,Arts numériques,24 de 3ème B et 25 de 3ème C,parcour artistique et culturel,Aucun,
Atelier sur la préhistoire,collège Louise Michel,0860026L,Collège Louise Michel,Arts plastiques,3 classes de 6ème 82 élèves,Collège et patrimoine,Aucun,Le musée de la préhistoire
Cardiff-Londres,"Collège Georges David, Mirebeau",0860027M,Collège Georges David,Langues vivantes,68,Echange linguistique,"Ateliers de pratique artistique, scientifique...",
"Projet liaison CM2-6ème, Pougne Hérisson, le Nombril du Monde, Contes et légendes","Collège Georges David, Mirebeau",0860027M,Collège Georges David,Patrimoine et archéologie,23 (+29CM2),Liaison CM2 6ème,"Ateliers de pratique artistique, scientifique...",
Réserve naturelle Le Pinail : découverte de deux écosystèmes aquatiques,"Collège Georges David, Mirebeau",0860027M,Collège Georges David,Secteur Culture Scientifique et Technique,97,Sciences et Vie de la Terre,"Ateliers de pratique artistique, scientifique...",
"Projet Tara, un voilier pour la planète","Collège Georges David, Mirebeau",0860027M,Collège Georges David,Secteur Culture Scientifique et Technique,24,Vidéo conférence avec l'équipage du voilier Tara,"Ateliers de pratique artistique, scientifique...",
Prix du Roman Contemporain,"Collège Georges David, Mirebeau",0860027M,Collège Georges David,Lecture écriture,21,Prix littéraires Collèges Lycée,Aucun,
"Chorale  salle de spectacle La Hune : ""Aimer les gens énormément!""","Collège Georges David, Mirebeau",0860027M,Collège Georges David,Secteur Musique / Chant Choral,76,Rencontres chorales,Chorale,
"Ferme de M Berquin à Noiron, commune de Varennes : développement des êtres vivants, production de matière organique.","Collège Georges David, Mirebeau",0860027M,Collège Georges David,Secteur Culture Scientifique et Technique,96,Sciences et Vie de la Terre,"Ateliers de pratique artistique, scientifique...",
Usine de biocarburant à Challandray.,"Collège Georges David, Mirebeau",0860027M,Collège Georges David,Secteur Culture Scientifique et Technique,96,Les sciences au cœur du métier,"Ateliers de pratique artistique, scientifique...",
CANOPE SITE DU FUTUROSCOPE.,"Collège Georges David, Mirebeau",0860027M,Collège Georges David,"Lecture écriture,Création numérique",42,Canopé,"Ateliers de pratique artistique, scientifique...",
Office de Tourisme de Mirebeau.,"Collège Georges David, Mirebeau",0860027M,Collège Georges David,"Patrimoine et archéologie,Lecture écriture,Création numérique,Langues vivantes",42,Maison du Tourisme de Mirebeau.,"Ateliers de pratique artistique, scientifique...",
"Visionnage du film ""Loving"" de Jeff Nichols dans la continuité d'un travail sur la ségrégation aux USA et la lutte pour les droits civiques des Noirs Américains.","Collège Georges David, Mirebeau",0860027M,Collège Georges David,"Secteur Cinéma - audiovisuel,Lecture écriture",91,Ecolier collégien lycéen au cinéma,EPI,
Répétition chorale,"Collège Georges David, Mirebeau",0860027M,Collège Georges David,Secteur Musique / Chant Choral,80,"Rencontres chorales,Élèves  au concert",Chorale,
"Liaison CM2-6ème, Bois de Luché.","Collège Georges David, Mirebeau",0860027M,Collège Georges David,Patrimoine et archéologie,50,Collège et patrimoine,Aucun,
Répétition de l'Orchestre Poitou-Charentes TAP Poitiers.,"Collège Georges David, Mirebeau",0860027M,Collège Georges David,"Secteur Musique / Chant Choral,Secteur spectacle vivant",32,"Élèves  au concert,Collège au spectacle","Ateliers de pratique artistique, scientifique...",Scène Nationale de Poitiers (TAP Poitiers)
"Spectacle salle spectacle Le Majestic, Neuville, initiation à la mise en chanson de poèmes : Baudelaire.","Collège Georges David, Mirebeau",0860027M,Collège Georges David,"Secteur Musique / Chant Choral,Secteur spectacle vivant,Lecture écriture",42,"Élèves  au concert,Collège au spectacle","Ateliers de pratique artistique, scientifique...",
"EHPAD Mirebeau, rencontrer les personnes âgées, chanter des chansons anciennes et faire des cartes postales sonores.","Collège Georges David, Mirebeau",0860027M,Collège Georges David,"Secteur Musique / Chant Choral,Lecture écriture",21,Collège et patrimoine,Chorale,
"Rencontre d'un réalisateur dans le cadre de l'atelier critique, TAP Castille Poitiers.","Collège Georges David, Mirebeau",0860027M,Collège Georges David,"Secteur spectacle vivant,Secteur Cinéma - audiovisuel,Lecture écriture",17,Collège au spectacle,"Ateliers de pratique artistique, scientifique...",
La Puebla de Almoradiel et Villa de Don Fabrique (Toledo) en Espagne.,"Collège Georges David, Mirebeau",0860027M,Collège Georges David,"Patrimoine et archéologie,Linguistique",44,Echange linguistique,EPI,
THEATRE DON QUICHOTTE CAP SUD POITIERS.,"Collège Georges David, Mirebeau",0860027M,Collège Georges David,"Secteur spectacle vivant,Lecture écriture",70,"Élèves  au concert,Collège au spectacle","Ateliers de pratique artistique, scientifique...",
Liaison CM2 6° autour de la thématique du monstre en Arts et Littérature.,"Collège Georges David, Mirebeau",0860027M,Collège Georges David,"Arts plastiques,Lecture écriture",24,Liaison CM2 6ème,"Ateliers de pratique artistique, scientifique...",
Les bruits de la ville.,"Collège Georges David, Mirebeau",0860027M,Collège Georges David,"Secteur Musique / Chant Choral,Lecture écriture,Linguistique",24,Linguistique,EPI,
Intervention d'une chanteuse-bruiteuse.,"Collège Georges David, Mirebeau",0860027M,Collège Georges David,"Secteur Musique / Chant Choral,Secteur spectacle vivant",22,"Rencontres chorales,Théâtre au collège","Ateliers de pratique artistique, scientifique...",
Création d'un représentation théatrale : Hamlet,"Collège Georges David, Mirebeau",0860027M,Collège Georges David,"Secteur spectacle vivant,Lecture écriture",23,Collège au spectacle,EPI,
"Création d'un représentation théatrale : MacBeth, Shakespeare.","Collège Georges David, Mirebeau",0860027M,Collège Georges David,"Secteur spectacle vivant,Lecture écriture",23,Collège au spectacle,EPI,
Création d'un représentation théatrale LCA/Documentation : Molière et le théâtre antique,"Collège Georges David, Mirebeau",0860027M,Collège Georges David,"Secteur spectacle vivant,latin",24,Collège au spectacle,EPI,
Poitiers Film Festival,Collège Jean Rostand,0860032T,Collège Jean Rostand,Secteur Cinéma - audiovisuel,153,Festival de cinéma,EPI,Scène Nationale de Poitiers (TAP Poitiers)
Collège au spectacle,Collège Jean Rostand,0860032T,Collège Jean Rostand,Secteur spectacle vivant,414,Collège au spectacle,Aucun,La Comédie Poitou-Charentes
Etude de la forme brève : littérature et cinéma  ,Collège Jean Rostand,0860032T,Collège Jean Rostand,Secteur Cinéma - audiovisuel,54,Festival de cinéma,Aucun,
"""Au fil de la langue : métamorphoses d'Ovide"" dans le cadre de l'EPI cultures et langues anciennes;
Tous le niveau de 5eme.",c,0860040B,Collège Jardin des Plantes,"Patrimoine et archéologie,Arts plastiques,Lecture écriture",134,rencontre avec l'art,EPI,
A la une !,Collège Maurice bétel,0860044F,Collège Maurice Bedel,Lecture écriture,77,Semaine de la presse,Aucun,
Au delà des frontières ,Collège Maurice Bedel,0860044F,Collège Maurice Bedel,Secteur Musique / Chant Choral,51,Rencontres chorales,Chorale,
Le slam : courant d'expression poétique et/ou musical ?,Collège Maurice Bedel,0860044F,Collège Maurice Bedel,Secteur Musique / Chant Choral,25,EPI,EPI,
Concert JMF - Decacorde,Collège Maurice Bedel,0860044F,Collège Maurice Bedel,Secteur Musique / Chant Choral,150,Élèves  au concert,Aucun,JM France Territoire Poitou-Charentes
3eme / seconde : le défi !,Collège Maurice Bedel,0860044F,Collège Maurice Bedel,Lecture écriture,25,Prix littéraires Collèges Lycée,Aucun,
Prix du roman contemporain,Collège Maurice Bedel,0860044F,Collège Maurice Bedel,Lecture écriture,26,Prix littéraires Collèges Lycée,Aucun,
L'eau dans le paysage local,collège Maurice Bedel,0860044F,Collège Maurice Bedel,Secteur Culture Scientifique et Technique,25,EPI,EPI,
Semaine des sciences,collège Maurice Bedel,0860044F,Collège Maurice Bedel,Secteur Culture Scientifique et Technique,75,EPI,EPI,
"Exposition ""MOI""",collège Maurice Bedel,0860044F,Collège Maurice Bedel,"Arts plastiques,Lecture écriture,EPI",52,EPI,EPI,
"Le Cid, un héros mythique",collège Maurice Bedel,0860044F,Collège Maurice Bedel,Lecture écriture,23,EPI,EPI,
club théâtre,collège Maurice Bedel,0860044F,Collège Maurice Bedel,Secteur spectacle vivant,17,club,Aucun,
Petite virée autour de Châtellerault : classe cycliste 2017,collège Maurice Bedel,0860044F,Collège Maurice Bedel,"Secteur Musique / Chant Choral,Secteur Culture Scientifique et Technique,Patrimoine et archéologie",21,séjour,Aucun,
"""Foreign food and Fine Flavours""",collège Maurice Bedel,0860044F,Collège Maurice Bedel,développement durable,79,EPI,EPI,
Histoire et BD,collège Maurice Bedel,0860044F,Collège Maurice Bedel,Secteur Bande dessinée,25,EPI,EPI,
Le jour le plus court (festival du court métrage),Collège Isaac de Razilly,0860045G,Collège Isaac de Razilly,Secteur Cinéma - audiovisuel,200,le jour le plus court,Aucun,
"Archéologie, patrimoine et poêle à frire",Collège Isaac de Razilly,0860045G,Collège Isaac de Razilly,Patrimoine et archéologie,20,Collège et patrimoine,EPI,
Réaliser une anthologie de contes + spectacle,Collège Isaac de Razilly,0860045G,Collège Isaac de Razilly,"Secteur spectacle vivant,Lecture écriture",25,atelier d'écriture,Aucun,
Collège au cinéma,Collège Isaac de Razilly,0860045G,Collège Isaac de Razilly,Secteur Cinéma - audiovisuel,90,Ecolier collégien lycéen au cinéma,Aucun,
Liaison cinéma CM2 6ème,Collège Isaac de Razilly,0860045G,Collège Isaac de Razilly,"Secteur Cinéma - audiovisuel,Arts plastiques,Lecture écriture,Arts numériques",25,Ecolier collégien lycéen au cinéma,Aucun,
Prix du roman contemporain,Collège Isaac de Razilly,0860045G,Collège Isaac de Razilly,Lecture écriture,40,Prix littéraires Collèges Lycée,Aucun,
Atelier danse,Collège Isaac de Razilly,0860045G,Collège Isaac de Razilly,Secteur spectacle vivant,8,danse,"Ateliers de pratique artistique, scientifique...",
Atelier théâtre,Collège Isaac de Razilly,0860045G,Collège Isaac de Razilly,Secteur spectacle vivant,10,Théâtre au collège,"Ateliers de pratique artistique, scientifique...",
Sensibilisation au don du sang,Collège Isaac de Razilly,0860045G,Collège Isaac de Razilly,"Secteur Culture Scientifique et Technique,citoyenneté",37,"Sciences au cœur du métier,Fête de la science",Aucun,
Séjour pédagogique La Rochelle Rochefort Saintes,Collège Isaac de Razilly,0860045G,Collège Isaac de Razilly,"Secteur Culture Scientifique et Technique,Patrimoine et archéologie",37,Collège et patrimoine,"Ateliers de pratique artistique, scientifique...",
Education à la vie affective,Collège Isaac de Razilly,0860045G,Collège Isaac de Razilly,"Secteur Culture Scientifique et Technique,citoyenneté",40,Croisons nos regards,Aucun,
Introduction au développement durable,Collège Isaac de Razilly,0860045G,Collège Isaac de Razilly,devenir citoyen responsable,50,Fête de la science,"Ateliers de pratique artistique, scientifique...",
1000 chercheurs dans les écoles,Collège Isaac de Razilly,0860045G,Collège Isaac de Razilly,Secteur Culture Scientifique et Technique,40,1000 chercheurs,"Ateliers de pratique artistique, scientifique...",
Séjour d'intégration 6ème,Collège Isaac de Razilly,0860045G,Collège Isaac de Razilly,"Secteur Culture Scientifique et Technique,Arts plastiques",50,sport et sciences,Aucun,
Jeunesses Musicales de France,Collège Isaac de Razilly,0860045G,Collège Isaac de Razilly,Secteur Musique / Chant Choral,62,Élèves  au concert,Aucun,JM France Territoire Poitou-Charentes
Chorale,Collège Isaac de Razilly,0860045G,Collège Isaac de Razilly,Secteur Musique / Chant Choral,40,Rencontres chorales,"Ateliers de pratique artistique, scientifique...",
Journée théâtre,Collège Isaac de Razilly,0860045G,Collège Isaac de Razilly,Secteur spectacle vivant,200,Théâtre au collège,Aucun,
Journée gladiateur,Collège Isaac de Razilly,0860045G,Collège Isaac de Razilly,"Secteur spectacle vivant,Patrimoine et archéologie",75,Collège et patrimoine,Aucun,
Journée romaine,Collège Isaac de Razilly,0860045G,Collège Isaac de Razilly,Secteur spectacle vivant,200,Collège et patrimoine,Aucun,
Mise au vert ,Collège Isaac de Razilly,0860045G,Collège Isaac de Razilly,"Secteur Culture Scientifique et Technique,Patrimoine et archéologie,Lecture écriture",37,;;;,Aucun,
Dictée ELA,Collège Isaac de Razilly,0860045G,Collège Isaac de Razilly,Lecture écriture,200,...,Aucun,
Repas antique,Collège Isaac de Razilly,0860045G,Collège Isaac de Razilly,"Patrimoine et archéologie,Lecture écriture",25,Collège et patrimoine,Aucun,
Séjour pédagogique et culturel en Provence romaine,Collège Isaac de Razilly,0860045G,Collège Isaac de Razilly,"Patrimoine et archéologie,Arts plastiques,Lecture écriture,Création numérique",33,Collège et patrimoine,Aucun,
"Hybridations ? : lien entre SVT et art, les démarches pseudo-scientifiques.
Tous le niveau de 6eme",collège jardin des plantes,0860040B,Collège Jardin des Plantes,Création numérique,133,propre au collège,Aucun,
collège au cinéma,collège jardin des plantes,0860040B,Collège Jardin des Plantes,Secteur Cinéma - audiovisuel,126+131,Ecolier collégien lycéen au cinéma,Aucun,
Prix de la bande dessinée; rencontre avec les auteurs au festival de BD Angoulême,collège jardin des plantes,0860040B,Collège Jardin des Plantes,Secteur Bande dessinée,26,Prix BD école collège lycée,Aucun,
Liaison CM2 /6eme : création d'un journal solidaire en lien avec la course contre la faim,collège jardin des plantes,0860040B,Collège Jardin des Plantes,"Lecture écriture,Création numérique",96 (52 6eme + 44 CM2),liaison cycle 3,Aucun,
Concours de nouvelles de la Mission Laïque Française à partir d'une citation de Victor Hugo,collège jardin des plantes,0860040B,Collège Jardin des Plantes,Lecture écriture,23,concours de nouvelles de la Mission Laïque Française,Aucun,
Prix du roman contemporain,collège jardin des plantes,0860040B,Collège Jardin des Plantes,Lecture écriture,27,Prix littéraires Collèges Lycée,Aucun,
atelier de sensibilisation au langage cinématographique et à l'analyse filmique,collège jardin des plantes,0860040B,Collège Jardin des Plantes,Secteur Cinéma - audiovisuel,24 3eme,Festival de cinéma,Aucun,Scène Nationale de Poitiers (TAP Poitiers)
"Poitiers film festival. CM en LV anglaise/ échange avec jeunes réalisateurs sur leur travail et leur film
",collège du jardin des plantes,0860040B,Collège Jardin des Plantes,Secteur Cinéma - audiovisuel,54 de 5eme,Festival de cinéma,Aucun,Scène Nationale de Poitiers (TAP Poitiers)
Poitiers Film Festival : projection de CM en langue anglaise et échanges avec réalisateurs,collège du jardin des plantes,0860040B,Collège Jardin des Plantes,Secteur Cinéma - audiovisuel,48,Festival de cinéma,Aucun,Scène Nationale de Poitiers (TAP Poitiers)
Collège au cinéma : Blanca nieves film étudié en espagnol,collège jardin des plantes,0860040B,Collège Jardin des Plantes,Secteur Cinéma - audiovisuel,90 3eme,Ecolier collégien lycéen au cinéma,Aucun,Scène Nationale de Poitiers (TAP Poitiers)
Festival Poitiers films : CM en langue espagnole,collège jardin des plantes,0860040B,Collège Jardin des Plantes,Secteur Cinéma - audiovisuel,25,Festival de cinéma,Aucun,Scène Nationale de Poitiers (TAP Poitiers)
Collège au cinéma,Collège Camille Guérin- Vouneuil sur Vienne,0860049L,Collège Camille Guérin,Secteur Cinéma - audiovisuel,164,Ecolier collégien lycéen au cinéma,EPI,
"""la chronique des collégiens de la Vienne""",Collège Camille Guérin- Vouneuil sur Vienne,0860049L,Collège Camille Guérin,Secteur Bande dessinée,24,Prix BD école collège lycée,Aucun,
Sortie médiathèque de Poitiers,Collège Camille Guérin- Vouneuil sur Vienne,0860049L,Collège Camille Guérin,Patrimoine et archéologie,26,Collège et patrimoine,Aucun,
Sortie à Rom,Collège Camille Guérin- Vouneuil sur Vienne,0860049L,Collège Camille Guérin,Patrimoine et archéologie,160,Collège et patrimoine,Aucun,
Parcours citoyen : visite guidée du Parlement,Collège Camille Guérin- Vouneuil sur Vienne,0860049L,Collège Camille Guérin,Patrimoine et archéologie,48,Collège et patrimoine,Aucun,
Sortie à Sanxay : découverte d'un site gallo-romain et de la culture de l'antiquité,Collège Camille Guérin- Vouneuil sur Vienne,0860049L,Collège Camille Guérin,Patrimoine et archéologie,32,Collège et patrimoine,Aucun,
Prix du roman contamporain,Collège Camille Guérin- Vouneuil sur Vienne,0860049L,Collège Camille Guérin,Lecture écriture,35,Prix littéraires Collèges Lycée,Aucun,
Sortie à Oiron,Collège Camille Guérin- Vouneuil sur Vienne,0860049L,Collège Camille Guérin,Arts plastiques,150,Collège et patrimoine,Aucun,
Projet calligraphie,Collège Camille Guérin- Vouneuil sur Vienne,0860049L,Collège Camille Guérin,"Arts plastiques,Lecture écriture",158,Collège et patrimoine,EPI,
Projet théâtre,Collège Camille Guérin- Vouneuil sur Vienne,0860049L,Collège Camille Guérin,Secteur spectacle vivant,160,Théâtre au collège,Aucun,
Théâtre en 5°,Collège Camille Guérin- Vouneuil sur Vienne,0860049L,Collège Camille Guérin,Secteur spectacle vivant,158,Théâtre au collège,Aucun,
"Projet ""Hors d’œuvre""",Collège Camille Guérin- Vouneuil sur Vienne,0860049L,Collège Camille Guérin,Arts plastiques,650,Croisons nos regards,Aucun,
Planétarium mobile,Collège Camille Guérin- Vouneuil sur Vienne,0860049L,Collège Camille Guérin,Secteur Culture Scientifique et Technique,155,"Image de Science,Les sciences s'invitent",Aucun,
Chorale - Atout choeur,Collège Camille Guérin- Vouneuil sur Vienne,0860049L,Collège Camille Guérin,Secteur Musique / Chant Choral,45,Rencontres chorales,Chorale,
Sortie à La Rochelle,Collège Camille Guérin- Vouneuil sur Vienne,0860049L,Collège Camille Guérin,Patrimoine et archéologie,165,Collège et patrimoine,Aucun,
Médiathèque de Vouneuil sur Vienne,Collège Camille Guérin- Vouneuil sur Vienne,0860049L,Collège Camille Guérin,Lecture écriture,160,lecture,Aucun,
Journées d'intégration 6°,Collège Camille Guérin- Vouneuil sur Vienne,0860049L,Collège Camille Guérin,Patrimoine et archéologie,160,"Collège et patrimoine,développement durable",Aucun,
"Chorale ""Human y terre""",Collège Camille Claudel 86400 Civray,0860053R,Collège Camille Claudel,Secteur Musique / Chant Choral,83,Rencontres chorales,Chorale,
"Tous au restaurant !
Des chiffres et des mots !",Collège Camille Claudel 86400 Civray,0860053R,Collège Camille Claudel,"Secteur Culture Scientifique et Technique,Création numérique",46 (6ème) et 36 (CM1/CM2 école de Civray)2,Semaine des mathématiques,Aucun,
Les villes de demain,Collège Camille Claudel 86400 Civray,0860053R,Collège Camille Claudel,"Secteur Bande dessinée,Patrimoine et archéologie,Arts plastiques",15,Prix BD école collège lycée,EPI,
Ciné (Cortometrajes) en espagnol,Collège Camille Claudel 86400 Civray,0860053R,Collège Camille Claudel,"Secteur Cinéma - audiovisuel,Arts plastiques",29 (cinéma espagnol) et 71 (étude de tableaux en classe,Festival de cinéma,EPI,Scène Nationale de Poitiers (TAP Poitiers)
"Sortie historique et scientifique à Poitiers (Musée sainte Croix, espace Mendes France, Cathédrale de Poitiers.",Collège Camille Claudel 86400 Civray,0860053R,Collège Camille Claudel,"Secteur Culture Scientifique et Technique,Patrimoine et archéologie",20 de 6ème et 5ème SEGPa,aucun,Aucun,
Visite de l'Eglise de Civray et étude de la façade,Collège Camille Claudel 86400 Civray,0860053R,Collège Camille Claudel,Patrimoine et archéologie,31 (collège et segpa),aucun,Aucun,
"Séjour à Nantes, Saint Nazaire et au Puy du Fou",Collège Camille Claudel 86400 Civray,0860053R,Collège Camille Claudel,"Secteur spectacle vivant,Secteur Culture Scientifique et Technique,Patrimoine et archéologie",76 (collège et segpa),aucun,Aucun,
Séjour en Normandie sur les plages du débarquement,Collège Camille Claudel 86400 Civray,0860053R,Collège Camille Claudel,Patrimoine et archéologie,47 (collège et segpa),aucun,Aucun,
Fête de la Science,Collège Camille Claudel 86400 Civray,0860053R,Collège Camille Claudel,Secteur Culture Scientifique et Technique,15,Fête de la science,Aucun,
Découverte du land art au parc de l'abrègement (Bioussac 16),Collège Camille Claudel 86400 Civray,0860053R,Collège Camille Claudel,Arts plastiques,47 élèves de 3ème ,aucun,Aucun,
Carnet de voyage,Collège Camille Claudel 86400 Civray,0860053R,Collège Camille Claudel,"Arts plastiques,Lecture écriture",50 élèves de 5ème ,aucun,EPI,
Mon super héros,Collège Camille Claudel 86400 Civray,0860053R,Collège Camille Claudel,"Arts plastiques,Lecture écriture",50 élèves de 5 ème ,aucun,EPI,
Atelier radio,collège Jean Moulin,0860076R,Collège Jean Moulin,Secteur Cinéma - audiovisuel,10,radio,"Ateliers de pratique artistique, scientifique...",
Atelier journal,collège Jean Moulin,0860076R,Collège Jean Moulin,Lecture écriture,10,journal,"Ateliers de pratique artistique, scientifique...",
EPI design,collège Jean Moulin,0860076R,Collège Jean Moulin,"Secteur Culture Scientifique et Technique,Arts plastiques",175,0,EPI,
EPI King Kong,collège Jean Moulin,0860076R,Collège Jean Moulin,"Secteur Cinéma - audiovisuel,Arts plastiques,anglais",150,0,EPI,
EPI théâtre,collège Jean Moulin,0860076R,Collège Jean Moulin,Secteur spectacle vivant,150,0,EPI,
EPI santé,collège Jean Moulin,0860076R,Collège Jean Moulin,techno/svt/doc,150,0,EPI,
classe culturelle,collège Jean Moulin,0860076R,Collège Jean Moulin,"Secteur Musique / Chant Choral,Secteur spectacle vivant",25,0,EPI,Scène Nationale de Poitiers (TAP Poitiers)
EPI scratch,collège Jean Moulin,0860076R,Collège Jean Moulin,Arts numériques,150,0,EPI,
EPI ciné VO,collège Jean Moulin,0860076R,Collège Jean Moulin,"Secteur Cinéma - audiovisuel,Lecture écriture",150,0,EPI,
musique cuisinée,collège Jean Moulin,0860076R,Collège Jean Moulin,"Secteur Musique / Chant Choral,Secteur spectacle vivant",50,0,"Ateliers de pratique artistique, scientifique...",Scène Nationale de Poitiers (TAP Poitiers)
Oradour sur Glane,collège Jean Moulin,0860076R,Collège Jean Moulin,Patrimoine et archéologie,200,0,Aucun,
Tumulus de Bougon,collège Jean Moulin,0860076R,Collège Jean Moulin,Patrimoine et archéologie,220,0,Aucun,
Chorale gospel,collège Jean Moulin,0860076R,Collège Jean Moulin,Secteur Musique / Chant Choral,50,0,Chorale,
Atelier théâtre,collège Jean Moulin,0860076R,Collège Jean Moulin,Secteur spectacle vivant,40,0,"Ateliers de pratique artistique, scientifique...",
voyage en Italie (Rome et Pompéi),collège Jean Moulin,0860076R,Collège Jean Moulin,"Patrimoine et archéologie,Arts plastiques",50,0,Aucun,
Festival BD Angoulême,collège Jean Moulin,0860076R,Collège Jean Moulin,"Secteur Bande dessinée,Arts plastiques,Lecture écriture",50,0,Aucun,
Atelier archéologies réelles et imaginaires,collège Jean Moulin,0860076R,Collège Jean Moulin,Arts plastiques,25,0,"Ateliers de pratique artistique, scientifique...",
"expo ""mythologies"" musée Ste Croix",collège Jean Moulin,0860076R,Collège Jean Moulin,"Arts plastiques,Lecture écriture",200,0,Aucun,
Rallye maths,collège Jean Moulin,0860076R,Collège Jean Moulin,Secteur Culture Scientifique et Technique,200,0,"Ateliers de pratique artistique, scientifique...",
concours Kangourou,collège Jean Moulin,0860076R,Collège Jean Moulin,Secteur Culture Scientifique et Technique,50,0,"Ateliers de pratique artistique, scientifique...",
Espace Mendès France au collège,collège Jean Moulin,0860076R,Collège Jean Moulin,Secteur Culture Scientifique et Technique,200,0,Aucun,
Expo Puzzle EMF,collège Jean Moulin,0860076R,Collège Jean Moulin,Secteur Culture Scientifique et Technique,150,0,"Ateliers de pratique artistique, scientifique...",
Chorale,Collège Arthur Rimbaud - Latillé,0860019D,Collège Arthur Rimbaud,Secteur Musique / Chant Choral,68,Rencontres chorales,Chorale,
Création d'un jeu vidéo à partir de récits mythologiques concernant la création du monde,CLG Arthur Rimbaud - Latillé,0860019D,Collège Arthur Rimbaud,"Secteur Musique / Chant Choral,Secteur Culture Scientifique et Technique,Arts numériques,Création numérique",25,Liaison CM2/6ème,Aucun,
Circus School,CLG Arthur Rimbaud - Latillé,0860019D,Collège Arthur Rimbaud,Secteur spectacle vivant,20,Arts de la rue,"Ateliers de pratique artistique, scientifique...",
Danse avec le tableau ,CLG Arthur Rimbaud - Latillé,0860019D,Collège Arthur Rimbaud,"Secteur spectacle vivant,Secteur Cinéma - audiovisuel,Arts plastiques",25,"Ecolier collégien lycéen au cinéma,Liaison CM2/6ème",Aucun,
COLLEGE AU CINEMA,CLG Arthur Rimbaud - Latillé,0860019D,Collège Arthur Rimbaud,Secteur Cinéma - audiovisuel,102,Ecolier collégien lycéen au cinéma,Aucun,
Danse avec le tableau ,CLG Arthur Rimbaud,0860019D,Collège Arthur Rimbaud,"Secteur spectacle vivant,Secteur Cinéma - audiovisuel,Arts plastiques",25,"Ecolier collégien lycéen au cinéma,Liaison CM2/6ème",Aucun,
Autour des masques,CLG Arthur Rimbaud - Latillé,0860019D,Collège Arthur Rimbaud,Arts plastiques,12,Liaison CM2 /6ème,Aucun,
Langues et cultures de l'Antiquité,CLG Arthur Rimbaud - Latillé,0860019D,Collège Arthur Rimbaud,"Arts plastiques,Lecture écriture",102,cultures de l'antiquité,EPI,
Regard contemporain sur Les Misérables,CLG Arthur Rimbaud - Latillé,0860019D,Collège Arthur Rimbaud,"Secteur Musique / Chant Choral,Secteur spectacle vivant,Arts plastiques,Lecture écriture",102,Projet écriture et mise en scène,EPI,
Un quatuor au collège,CLG Arthur Rimbaud - Latillé,0860019D,Collège Arthur Rimbaud,Secteur Musique / Chant Choral,102,Élèves  au concert,Aucun,
"Spectacle 'Enivrez-vous""",CLG Arthur Rimbaud - Latillé,0860019D,Collège Arthur Rimbaud,"Secteur Musique / Chant Choral,Secteur spectacle vivant,Lecture écriture",96,Élèves au spectacle,Aucun,
Concert musiques actuelles,CLG Arthur Rimbaud - Latillé,0860019D,Collège Arthur Rimbaud,Secteur Musique / Chant Choral,96,Élèves  au concert,Aucun,
"Concert percussions corporelles ""Zou!""",CLG Arthur Rimbaud - Latillé,0860019D,Collège Arthur Rimbaud,Secteur Musique / Chant Choral,100,Élèves  au concert,Aucun,"Compagnie Sons de Toile,JM France Territoire Poitou-Charentes"
Club danse,CLG Arthur Rimbaud - Latillé,0860019D,Collège Arthur Rimbaud,Secteur spectacle vivant,15,Atelier danse contemporaine,Aucun,
ExoMars - rencontre avec un ingénieur responsable technique du projet à Thalès Alenia Space,Collège Pierre de Ronsard,0860723U,Collège Pierre de Ronsard,Secteur Culture Scientifique et Technique,46,Aucun,Aucun,
Collège au cinéma,Collège Pierre de Ronsard,0860723U,Collège Pierre de Ronsard,Secteur Cinéma - audiovisuel,354,collège au cinéma,Aucun,
Découverte du patrimoine médiéval local,Collge Pierre de Ronsard,0860723U,Collège Pierre de Ronsard,Patrimoine et archéologie,177,Collège et patrimoine,Aucun,
"Collégiens au théâtre 5è
4 spectacles ",collège Pierre de Ronsard,0860723U,Collège Pierre de Ronsard,Secteur spectacle vivant,21,Collège au spectacle,Classe à option artistique,
Prix du roman contemporain,Collège Pierre de Ronsard,0860723U,Collège Pierre de Ronsard,Lecture écriture,45,Prix littéraires Collèges Lycée,Aucun,Mediathèque Antoine de St Exupéry
"Collégiens au théâtre 4è
4 spectacles",Collège Pierre de Ronsard,0860723U,Collège Pierre de Ronsard,Secteur spectacle vivant,17,Collège au spectacle,Classe à option artistique,
"Collégiens au théâtre
3 spectacles",Collège Pierre de Ronsard,0860723U,Collège Pierre de Ronsard,Secteur spectacle vivant,15,Collège au spectacle,Classe à option artistique,
"Lettres à Elise
(Spectacle Centre d'Animation de Beaulieu)",Collège Pierre de Ronsard,0860723U,Collège Pierre de Ronsard,Secteur spectacle vivant,98,Collège au spectacle,Aucun,La Comédie Poitou-Charentes
"Visite du site gallo-romain de Sanxay
Initiation aux fouilles, découverte de la musique et des jeux de l'Antiquité",Collège Pierre de Ronsard,0860723U,Collège Pierre de Ronsard,Patrimoine et archéologie,144,Collège et patrimoine,EPI,
Atelier d'écriture cinématographique ,Collège Pierre de Ronsard,0860723U,Collège Pierre de Ronsard,Secteur Cinéma - audiovisuel,25,Festival de cinéma,"Ateliers de pratique artistique, scientifique...",
"Séance ""Regards sur le cinéma italien"" Le Dietrich",Collège Pierre de Ronsard,0860723U,Collège Pierre de Ronsard,Secteur Cinéma - audiovisuel,15,Festival de cinéma,"Ateliers de pratique artistique, scientifique...",
Exposition Maths et Puzzles,Collège Pierre de Ronsard,0860723U,Collège Pierre de Ronsard,Secteur Culture Scientifique et Technique,260,Aucun,Aucun,
"Festival Écoutez Voir :
Expositions, concerts au collège, spectacles dans le quartier des Trois Cités
",Collège Pierre de Ronsard,0860723U,Collège Pierre de Ronsard,"Secteur Musique / Chant Choral,Secteur spectacle vivant,Photographie",680,Festival local Poitiers,Aucun,
Échanges CHAT-CHAM ,Collège Pierre de Ronsard,0860723U,Collège Pierre de Ronsard,Secteur spectacle vivant,15,Festival local Poitiers,Classe à option artistique,
Ateliers instrumentaux,Collège Pierre de Ronsard,0860723U,Collège Pierre de Ronsard,Secteur Musique / Chant Choral,15,Orchestre au collège,"Ateliers de pratique artistique, scientifique...",
Atelier Pop rock,collège Pierre de Ronsard,0860723U,Collège Pierre de Ronsard,Secteur Musique / Chant Choral,10,Accompagnement éducatif,"Ateliers de pratique artistique, scientifique...",
Chorale,collège Pierre de Ronsardè,0860723U,Collège Pierre de Ronsard,Secteur Musique / Chant Choral,52,Rencontres chorales,Chorale,
"Exposition ""As we are blind"" ",collège Pierre de Ronsardèè,0860723U,Collège Pierre de Ronsard,"Arts plastiques,Arts numériques,Création numérique",144,Aucun,Aucun,
Slame ta ville,collège Pierre de Ronsard,0860723U,Collège Pierre de Ronsard,"Secteur Musique / Chant Choral,Secteur spectacle vivant,Lecture écriture",78,aucun,EPI,
Webradio au collège,Collège Pierre de Ronsard,0860723U,Collège Pierre de Ronsard,"Lecture écriture,Radio",98,aucun,Aucun,
Rallye Maths,Collège Pierre de Ronsard,0860723U,Collège Pierre de Ronsard,Secteur Culture Scientifique et Technique,375,Rallye Maths,Aucun,
"Atelier ""Arts plastiques""",Collège Pierre de Ronsard,0860723U,Collège Pierre de Ronsard,Arts plastiques,35,Aucun,Aucun,
"""Oeuvres au collège"" : accueil de 2 oeuvres / quinzaine de la collection mise à disposition du public de l'Artothèque de la ville de Poitiers.",Collège Pierre de Ronsard,0860723U,Collège Pierre de Ronsard,Arts plastiques,680,Aucun,Aucun,
Une heure de voyage dans l'univers,Collège Pierre de Ronsard,0860723U,Collège Pierre de Ronsard,Secteur Culture Scientifique et Technique,234,Fête de la science,Aucun,
"Semaine européenne de réduction des déchets (SERD) :
- Recyclage des piles (4è) mise en place d'un collecteur, exposition d'affiches
- Réduction des déchets (6è) : exposition d'affiches et atelier de réutilisation textile",Collège Pierre de Ronsard,0860723U,Collège Pierre de Ronsard,Secteur Culture Scientifique et Technique,288,SERD,"Ateliers de pratique artistique, scientifique...",
Visite de la station de potabilisation et d'épuration 6è et classe Ulis,Collège Pierre de Ronsard,0860723U,Collège Pierre de Ronsard,Secteur Culture Scientifique et Technique,55,Aucun,Aucun,
L'énergie sous toutes ses formes,Collège Pierre de Ronsard,0860723U,Collège Pierre de Ronsard,Secteur Culture Scientifique et Technique,46,aucun,Aucun,
Les 25 ans du Planétarium (ateliers suivi d'une séance d'une heure de planétarium),Collège Pierre de Ronsard,0860723U,Collège Pierre de Ronsard,Secteur Culture Scientifique et Technique,46,aucun,Aucun,
Repas citoyen,Collège Pierre de Ronsard,0860723U,Collège Pierre de Ronsard,Secteur Culture Scientifique et Technique,142,Repas citoyen ?,Aucun,
Collège au cinéma,Collège Gérard Philipe,0860792U,Collège Gérard Philipe,Secteur Cinéma - audiovisuel,400,Ecolier collégien lycéen au cinéma,Aucun,
L'école du spectateur,Collège Gérard Philipe,0860792U,Collège Gérard Philipe,Secteur spectacle vivant,300,L'école du spectateur,EPI,Compagnie Le loup qui zozote
Spectacle Pinocchio par la compagnie L'Arbre potager dans le cadre de L'école du spectateur,Collège Gérard Philipe,0860792U,Collège Gérard Philipe,Secteur spectacle vivant,68,Ecole du spectateur,Aucun,
Un libraire au CDI,Collège Gérard Philipe,0860792U,Collège Gérard Philipe,Lecture écriture,62,Aucun,Aucun,
"Voyage à Paris avec visite du Louvre, de la crypte de Notre-Dame et de la galerie de la paélontologie",Collège Gérard Philipe,0860792U,Collège Gérard Philipe,"Secteur Culture Scientifique et Technique,Patrimoine et archéologie",55,Aucun,Aucun,
"Spectacle ""Comment Wang-Fô fut sauvé"" de Marguerite Yourcenar par la compagnie Métaphores, dans le cadre de l'école du spectateur
",Collège Gérard Philipe,0860792U,Collège Gérard Philipe,Secteur spectacle vivant,52,Ecole du spectateur,Aucun,
Visite de l'abbaye de Saint Savin,Collège Gérard Philipe,0860792U,Collège Gérard Philipe,Patrimoine et archéologie,149,Aucun,Aucun,
Visite du Clos Lucé,Collège Gérard Philipe,0860792U,Collège Gérard Philipe,"Secteur Culture Scientifique et Technique,Patrimoine et archéologie",51,Aucun,Aucun,
Visite de la cité médiévale de Chauvigny avec guide conférencier,Collège Gérard Philipe,0860792U,Collège Gérard Philipe,Patrimoine et archéologie,105,Aucun,Aucun,
"Voyage en Italie avec visite de Vérone, Venise et Milan",Collège Gérard Philipe,0860792U,Collège Gérard Philipe,Patrimoine et archéologie,46,Aucun,Aucun,
Voyageavec visite du centre historique de Strasbourg et du du camp de concentration du Struthof,Collège Gérard Philipe,0860792U,Collège Gérard Philipe,Patrimoine et archéologie,51,Aucun,EPI,
Le souffle et le feu : voyage en Auvergne avec visite du Lamptégy,Collège Gérard Philipe,0860792U,Collège Gérard Philipe,Secteur Culture Scientifique et Technique,52,Aucun,Aucun,
Echange avec la ville allemande de Gesenheim,Collège Gérard Philipe,0860792U,Collège Gérard Philipe,Patrimoine et archéologie,25,Aucun,Aucun,
"Voyage à Paris avec visite du Musée d’Orsay, du Mémorial de la Shoah, du Musée Curie, du palais de la Découverte, de l'Assemblée Nationale
",Collège Gérard Philipe,0860792U,Collège Gérard Philipe,Patrimoine et archéologie,102,Aucun,EPI,
"Voyage à Paris avec visite du palais de l’Elysée, du musée du quai Branly",Collège Gérard Philipe,0860792U,Collège Gérard Philipe,Patrimoine et archéologie,72,Aucun,Aucun,
Sortie à Oradour sur Glane : visite du musée et du village,Collège Gérard Philipe,0860792U,Collège Gérard Philipe,Patrimoine et archéologie,110,Aucun,Aucun,
Théâtre : “Elle est là” de Nathalie Sarraute mise en scène par la compagnie L’Escabeau dans le cadre de l'école du spectateur,Collège Gérard Philipe,0860792U,Collège Gérard Philipe,Secteur spectacle vivant,27,Ecole du spectateur,Aucun,
Débat littéraire avec une classe de seconde dans le cadre d'une liaison collège-lycée,Collège Gérard Philipe,0860792U,Collège Gérard Philipe,Lecture écriture,27,Aucun,Aucun,
"Liaison collège-lycée autour du latin et du grec et des civilisations anciennes
",Collège Gérard Philipe,0860792U,Collège Gérard Philipe,Langues anciennes et civilisation,25,Aucun,Aucun,
"Atelier danse contemporaine d'une semaine avec production d'une performance dansée montrée au théâtre de Chauvigny et à la MDE à Poitiers dans le cadre du festival ""Danse ton Crous""",Collège Gérard Philipe,0860792U,Collège Gérard Philipe,Secteur spectacle vivant,12,Aucun,"Ateliers de pratique artistique, scientifique...",
Atelier de lecture à voix haute avec intervention de comédiens professionnels dans le cadre du Printemps des poètes,Collège Gérard Philipe,0860792U,Collège Gérard Philipe,Lecture écriture,20,Printemps des poètes,Aucun,"Compagnie Le loup qui zozote,Collectif Lectures à Chauvigny"
Prix Mangawa,Collège Gérard Philipe,0860792U,Collège Gérard Philipe,Secteur Bande dessinée,20,Prix littéraires Collèges Lycée,Aucun,
"""Au-delà des frontières""
",Collège Gérard Philipe,0860792U,Collège Gérard Philipe,"Secteur Musique / Chant Choral,Secteur spectacle vivant",30,Rencontres chorales,Chorale,
"Collège au cinéma (pour l'ensemble du collège ; niveau 6e, 5e, 3e)",Collège Jules Verne,0860799B,Collège Jules Verne,Secteur Cinéma - audiovisuel,310,Ecolier collégien lycéen au cinéma,Aucun,
"La scénographie du Cid de Corneille, avec Damien Caille-Perret",Collège Jules Verne,0860799B,Collège Jules Verne,Secteur spectacle vivant,25,?,Aucun,"La Comédie Poitou-Charentes,Scène Nationale de Poitiers (TAP Poitiers)"
Sortie au théâtre : Lettres à Elise (Comédie Poitou-Charentes) (2 classes de 3e),Collège Jules Verne,0860799B,Collège Jules Verne,Secteur spectacle vivant,50,?,Aucun,La Comédie Poitou-Charentes
Les progrès scientifiques et technologiques pendant la Première Guerre mondiale,Jules Verne,0860799B,Collège Jules Verne,Secteur Culture Scientifique et Technique,25,Collège et patrimoine,EPI,
Visite au musée de la préhistoire du Grand Pressigny,Collège Jules Verne,0860799B,Collège Jules Verne,Patrimoine et archéologie,150,Collège et patrimoine,Aucun,
Les soldats de Buxerolles morts pendant la Grande Guerre,Jules Verne,0860799B,Collège Jules Verne,"Patrimoine et archéologie,Création numérique",15,Collège et patrimoine,"Ateliers de pratique artistique, scientifique...",
sortie au musée du grand pressigny (6e),collège Jules Verne,0860799B,Collège Jules Verne,Patrimoine et archéologie,48,aucun,Aucun,
le radar dans la Seconde Guerre mondiale (EPI les ondes),collège Jules VErne,0860799B,Collège Jules Verne,Secteur Culture Scientifique et Technique,52,aucun,EPI,
études d'oeuvres artistiques,collège Jules verne,0860799B,Collège Jules Verne,Arts plastiques,45,aucun,Aucun,
Douce mémoire,College Jules Verne Buxerolles 86,0860799B,Collège Jules Verne,"Secteur Musique / Chant Choral,Secteur spectacle vivant",24,PEAC école/college,Aucun,
Notre planète verte,College Jules verne Buxerolles 86,0860799B,Collège Jules Verne,"Secteur Musique / Chant Choral,Secteur spectacle vivant",55,Spectacle de chants,Aucun,
Dose le son,College Jules verne Buxerolles 86,0860799B,Collège Jules Verne,"Secteur Musique / Chant Choral,Secteur Culture Scientifique et Technique",50,EPI,EPI,
Un jour au bon endroit,College Jules verne Buxerolles 86,0860799B,Collège Jules Verne,"Secteur Musique / Chant Choral,Secteur spectacle vivant",28,Rencontres chorales,Chorale,
Voyage en Angleterre,COLLEGE JULES VERNE,0860799B,Collège Jules Verne,découverte d'un pays étranger,52,aucun,Aucun,
Prix du Roman Contemporain,Collège Jules Verne,0860799B,Collège Jules Verne,Lecture écriture,15,Prix du Roman Contemporain,Aucun,"Scène Nationale de Poitiers (TAP Poitiers),Médiathèque François-Mitterrand"
"""Faire danser les tableaux"" ",Clg JV Buxerolles,0860799B,Collège Jules Verne,"Secteur spectacle vivant,Arts plastiques",78,"Ecolier collégien lycéen au cinéma,Collège au spectacle,liaison CM2-6ème",Aucun,
"""S'enrichir de nos différences""",Clg JV Buxerolles,0860799B,Collège Jules Verne,"Secteur spectacle vivant,Arts plastiques",52,"Collège au spectacle,Croisons nos regards",EPI,
"Se rendre à pieds pour découvrir notre environnement et qq monuments pour se rendre à ""Maths et puzzles"" à l'espace Mendes France",Clg JV Buxerolles,0860799B,Collège Jules Verne,"Secteur Culture Scientifique et Technique,Patrimoine et archéologie",2 X 24,"Les sciences au cœur du métier,Sciences au cœur du métier",Aucun,
Voyage scolaire en andalousie,college jules vernes,0860799B,Collège Jules Verne,linguistique et culturel,49,sejour linguistique,Aucun,
Poitiers film festival (projection de couts metrages en langue espagnol + echanges avec les realisateurs),college jules verne,0860799B,Collège Jules Verne,Secteur Cinéma - audiovisuel,125,Festival de cinéma,Aucun,Scène Nationale de Poitiers (TAP Poitiers)
Parcours culturels 6ème et 3ème dans la programmation des 3T (spectacle vivant : 3 spectacles dans l'année pour chaque classe),Collège René Descartes Châtellerault,0860984C,Collège René Descartes,Secteur spectacle vivant,300,Parcours culturel local,Aucun,
Parcours culturels 6ème et 3ème dans la programmation des 3T (spectacle vivant : 3 spectacles dans l'année pour chaque classe),Collège René Descartes Châtellerault,0860984C,Collège René Descartes,Secteur spectacle vivant,300,Parcours culturel local,Aucun,
Journée Atelier avec le CEPI poitiers,Collège René Descartes Châtellerault,0860984C,Collège René Descartes,Secteur spectacle vivant,26,Partenariat 3T,Aucun,
Atelier théâtre avec Night Shot (Compagnie de théâtre),Collège René Descartes Châtellerault,0860984C,Collège René Descartes,Secteur spectacle vivant,26,Partenariat 3T,Aucun,
"- Jeunesses Musicales de France
",collège Henri IV,0861071X,Collège Henri IV,Secteur Musique / Chant Choral,125,Élèves  au concert,Aucun,
Collège au cinéma,Collège Henri IV Poitiers,0861071X,Collège Henri IV,Secteur Cinéma - audiovisuel,190,Ecolier collégien lycéen au cinéma,Aucun,Cinéma Cornay
Collégiens au théâtre,Collège Henri IV Poitiers,0861071X,Collège Henri IV,Secteur spectacle vivant,420,Collège au spectacle,Aucun,"La Comédie Poitou-Charentes,Scène Nationale de Poitiers (TAP Poitiers)"
Projet Rencontres Chorales Académiques Atout Chœur dans le cadre de l'APEMEN- Un jour au bon endroit (spectacle autour des chansons de Calogero),PEAC Education musicale,0861071X,Collège Henri IV,Secteur Musique / Chant Choral,43 élèves,Rencontres chorales,Chorale,
"Concerts JMF (jeunesses musicales de France)
2 concerts niveau 3ème : Concert autour de l'Artiste Sophie Maurin + atelier de pratique avec l'artiste pour une classe de 3ème
                niveau 4ème et 5ème : Concert sur la naissance du Jazz",PEAC Education Artistique,0861071X,Collège Henri IV,Secteur Musique / Chant Choral,Environ 263 élèves,Élèves  au concert,Aucun,JM France Territoire Poitou-Charentes
"Projets JMF :
- Concert de Sophie Maurin, chanteuse de la scène actuelle, avec le niveau 3e
",Collège Henri IV,0861071X,Collège Henri IV,"Secteur Musique / Chant Choral,Secteur spectacle vivant",130,JMF,"Ateliers de pratique artistique, scientifique...",JM France Territoire Poitou-Charentes
"Projet JMF :
- Spectacle ""Raconte moi le jazz"" avec le niveau 5e-4e",Collège Henri IV,0861071X,Collège Henri IV,"Secteur Musique / Chant Choral,Secteur spectacle vivant",140,JMF,Aucun,JM France Territoire Poitou-Charentes
"Atelier musique : Groupe d'élèves volontaires constituent un groupe faisant des reprises de chansons actuelles (percus, piano, guitare, chant)",Collège Henri IV,0861071X,Collège Henri IV,"Secteur Musique / Chant Choral,Secteur spectacle vivant",10,FSE,"Ateliers de pratique artistique, scientifique...",
Cyberombre,Collège Camille Guérin,0861092V,Collège Camille Guérin,Secteur spectacle vivant,110,Collège au spectacle,"Ateliers de pratique artistique, scientifique...","La Comédie Poitou-Charentes,La Maison persane"
Contes africains,Collège Camille Guérin,0861092V,Collège Camille Guérin,Secteur spectacle vivant,110,?,Aucun,Théâtre de l'Etincelle
Le Confort en chantier,Collège Camille Guérin,0861092V,Collège Camille Guérin,Arts plastiques,110,?,Aucun,Le confort moderne
Séances anglaises,Collège Camille Guérin,0861092V,Collège Camille Guérin,Secteur Cinéma - audiovisuel,110,Festival de cinéma,Aucun,Scène Nationale de Poitiers (TAP Poitiers)
